{"cameraMode":{"drawMode":0,"name":"Shaded","section":"Shading Mode"},"sceneLighting":true,"audioPlay":false,"sceneViewState":{"m_AlwaysRefresh":false,"showFog":true,"showSkybox":false,"showFlares":true,"showImageEffects":true,"showParticleSystems":true,"showVisualEffectGraphs":true,"m_FxEnabled":true},"in2DMode":false,"pivot":{"x":-50.66764831542969,"y":-6.1061506271362309,"z":31.878223419189454},"rotation":{"x":0.013074680231511593,"y":-0.9763764142990112,"z":0.20689937472343446,"w":0.06225302442908287},"size":13.275337219238282,"orthographic":false}