{"cameraMode":{"drawMode":0,"name":"Shaded","section":"Shading Mode"},"sceneLighting":true,"audioPlay":false,"sceneViewState":{"m_AlwaysRefresh":false,"showFog":true,"showSkybox":false,"showFlares":true,"showImageEffects":true,"showParticleSystems":true,"showVisualEffectGraphs":true,"m_FxEnabled":true},"in2DMode":false,"pivot":{"x":-47.690528869628909,"y":2.5985093116760256,"z":23.84686279296875},"rotation":{"x":0.027014585211873056,"y":-0.952883243560791,"z":0.28884193301200869,"w":0.08953431993722916},"size":6.910696029663086,"orthographic":false}