{"cameraMode":{"drawMode":0,"name":"Shaded","section":"Shading Mode"},"sceneLighting":true,"audioPlay":false,"sceneViewState":{"m_AlwaysRefresh":false,"showFog":true,"showSkybox":false,"showFlares":true,"showImageEffects":true,"showParticleSystems":true,"showVisualEffectGraphs":true,"m_FxEnabled":true},"in2DMode":false,"pivot":{"x":-62.105499267578128,"y":-22.670747756958009,"z":40.638607025146487},"rotation":{"x":0.05643092468380928,"y":-0.9424655437469482,"z":0.2550967037677765,"w":0.20895561575889588},"size":20.091632843017579,"orthographic":false}