{"cameraMode":{"drawMode":0,"name":"Shaded","section":"Shading Mode"},"sceneLighting":true,"audioPlay":false,"sceneViewState":{"m_AlwaysRefresh":false,"showFog":true,"showSkybox":false,"showFlares":true,"showImageEffects":true,"showParticleSystems":true,"showVisualEffectGraphs":true,"m_FxEnabled":true},"in2DMode":false,"pivot":{"x":-58.650943756103519,"y":11.754066467285157,"z":16.841293334960939},"rotation":{"x":0.05643092468380928,"y":-0.9424655437469482,"z":0.2550967037677765,"w":0.20895561575889588},"size":18.548295974731447,"orthographic":false}