{"cameraMode":{"drawMode":0,"name":"Shaded","section":"Shading Mode"},"sceneLighting":true,"audioPlay":false,"sceneViewState":{"m_AlwaysRefresh":false,"showFog":true,"showSkybox":false,"showFlares":true,"showImageEffects":true,"showParticleSystems":true,"showVisualEffectGraphs":true,"m_FxEnabled":true},"in2DMode":false,"pivot":{"x":-55.24590301513672,"y":-12.713911056518555,"z":25.283023834228517},"rotation":{"x":0.22463852167129517,"y":-0.11915414780378342,"z":0.02777954190969467,"w":0.9668180346488953},"size":18.785741806030275,"orthographic":false}