{"cameraMode":{"drawMode":0,"name":"Shaded","section":"Shading Mode"},"sceneLighting":true,"audioPlay":false,"sceneViewState":{"m_AlwaysRefresh":false,"showFog":true,"showSkybox":false,"showFlares":true,"showImageEffects":true,"showParticleSystems":true,"showVisualEffectGraphs":true,"m_FxEnabled":true},"in2DMode":false,"pivot":{"x":-47.91914367675781,"y":-1.684875726699829,"z":25.182897567749025},"rotation":{"x":0.000008359110324818175,"y":-0.9854419231414795,"z":0.17048674821853639,"w":0.0009785379515960813},"size":5.667969703674316,"orthographic":false}