{"cameraMode":{"drawMode":0,"name":"Shaded","section":"Shading Mode"},"sceneLighting":true,"audioPlay":false,"sceneViewState":{"m_AlwaysRefresh":false,"showFog":true,"showSkybox":false,"showFlares":true,"showImageEffects":true,"showParticleSystems":true,"showVisualEffectGraphs":true,"m_FxEnabled":true},"in2DMode":false,"pivot":{"x":-49.938636779785159,"y":3.0634307861328127,"z":23.49335479736328},"rotation":{"x":0.000008359110324818175,"y":-0.9854419231414795,"z":0.17048674821853639,"w":0.0009785379515960813},"size":2.824742317199707,"orthographic":false}