{"cameraMode":{"drawMode":0,"name":"Shaded","section":"Shading Mode"},"sceneLighting":true,"audioPlay":false,"sceneViewState":{"m_AlwaysRefresh":false,"showFog":true,"showSkybox":false,"showFlares":true,"showImageEffects":true,"showParticleSystems":true,"showVisualEffectGraphs":true,"m_FxEnabled":true},"in2DMode":false,"pivot":{"x":-48.56128692626953,"y":0.026662349700927736,"z":29.129743576049806},"rotation":{"x":-0.22662346065044404,"y":-0.43746668100357058,"z":0.11474429070949555,"w":-0.8627055883407593},"size":2.2247421741485597,"orthographic":false}