{"cameraMode":{"drawMode":0,"name":"Shaded","section":"Shading Mode"},"sceneLighting":true,"audioPlay":false,"sceneViewState":{"m_AlwaysRefresh":false,"showFog":true,"showSkybox":false,"showFlares":true,"showImageEffects":true,"showParticleSystems":true,"showVisualEffectGraphs":true,"m_FxEnabled":true},"in2DMode":false,"pivot":{"x":-48.631568908691409,"y":-1.3838744163513184,"z":25.076980590820314},"rotation":{"x":0.000008359110324818175,"y":-0.9854419231414795,"z":0.17048674821853639,"w":0.0009785379515960813},"size":6.124743461608887,"orthographic":false}