{"cameraMode":{"drawMode":0,"name":"Shaded","section":"Shading Mode"},"sceneLighting":true,"audioPlay":false,"sceneViewState":{"m_AlwaysRefresh":false,"showFog":true,"showSkybox":true,"showFlares":true,"showImageEffects":true,"showParticleSystems":true,"showVisualEffectGraphs":true,"m_FxEnabled":true},"in2DMode":false,"pivot":{"x":7.208194255828857,"y":-3.054335594177246,"z":3.154033660888672},"rotation":{"x":0.2273760288953781,"y":-0.059827711433172229,"z":0.014016848057508469,"w":0.9719396233558655},"size":16.751562118530275,"orthographic":false}