{"cameraMode":{"drawMode":0,"name":"Shaded","section":"Shading Mode"},"sceneLighting":false,"audioPlay":false,"sceneViewState":{"m_AlwaysRefresh":false,"showFog":true,"showSkybox":true,"showFlares":true,"showImageEffects":true,"showParticleSystems":true,"showVisualEffectGraphs":true,"m_FxEnabled":true},"in2DMode":false,"pivot":{"x":11.85506534576416,"y":10.135078430175782,"z":15.192214965820313},"rotation":{"x":0.15269744396209718,"y":0.26763394474983218,"z":-0.0430169403553009,"w":0.9503970742225647},"size":8.880082130432129,"orthographic":false}