{"cameraMode":{"drawMode":0,"name":"Shaded","section":"Shading Mode"},"sceneLighting":true,"audioPlay":false,"sceneViewState":{"m_AlwaysRefresh":false,"showFog":true,"showSkybox":true,"showFlares":true,"showImageEffects":true,"showParticleSystems":true,"showVisualEffectGraphs":true,"m_FxEnabled":true},"in2DMode":false,"pivot":{"x":-47.70769500732422,"y":-0.07205390930175781,"z":-23.503244400024415},"rotation":{"x":0.11269008368253708,"y":0.7018561959266663,"z":-0.11376557499170304,"w":0.6942099332809448},"size":2.7634999752044679,"orthographic":false}