{"cameraMode":{"drawMode":0,"name":"Shaded","section":"Shading Mode"},"sceneLighting":false,"audioPlay":false,"sceneViewState":{"m_AlwaysRefresh":false,"showFog":true,"showSkybox":true,"showFlares":true,"showImageEffects":true,"showParticleSystems":true,"showVisualEffectGraphs":true,"m_FxEnabled":true},"in2DMode":false,"pivot":{"x":-6.044692516326904,"y":30.686187744140626,"z":23.448352813720704},"rotation":{"x":0.3671722114086151,"y":0.06131577491760254,"z":-0.02429654262959957,"w":0.9278708696365356},"size":10.487058639526368,"orthographic":false}