{"cameraMode":{"drawMode":0,"name":"Shaded","section":"Shading Mode"},"sceneLighting":false,"audioPlay":false,"sceneViewState":{"m_AlwaysRefresh":false,"showFog":true,"showSkybox":true,"showFlares":true,"showImageEffects":true,"showParticleSystems":true,"showVisualEffectGraphs":true,"m_FxEnabled":true},"in2DMode":false,"pivot":{"x":19.175437927246095,"y":9.251712799072266,"z":10.798294067382813},"rotation":{"x":0.19169101119041444,"y":0.43928709626197817,"z":-0.09654927998781204,"w":0.8723607659339905},"size":38.815670013427737,"orthographic":false}