{"cameraMode":{"drawMode":0,"name":"Shaded","section":"Shading Mode"},"sceneLighting":true,"audioPlay":false,"sceneViewState":{"m_AlwaysRefresh":false,"showFog":true,"showSkybox":true,"showFlares":true,"showImageEffects":true,"showParticleSystems":true,"showVisualEffectGraphs":true,"m_FxEnabled":true},"in2DMode":false,"pivot":{"x":17.18411636352539,"y":0.20951366424560548,"z":-1.4058241844177247},"rotation":{"x":0.15712715685367585,"y":0.6133034825325012,"z":-0.12604321539402009,"w":0.7638183832168579},"size":18.662839889526368,"orthographic":false}