{"cameraMode":{"drawMode":0,"name":"Shaded","section":"Shading Mode"},"sceneLighting":false,"audioPlay":false,"sceneViewState":{"m_AlwaysRefresh":false,"showFog":true,"showSkybox":true,"showFlares":true,"showImageEffects":true,"showParticleSystems":true,"showVisualEffectGraphs":true,"m_FxEnabled":true},"in2DMode":false,"pivot":{"x":-36.18616485595703,"y":-19.981449127197267,"z":15.3795166015625},"rotation":{"x":0.25399670004844668,"y":-0.010122870095074177,"z":0.0027495992835611107,"w":0.9672159552574158},"size":33.80316925048828,"orthographic":false}