{"cameraMode":{"drawMode":0,"name":"Shaded","section":"Shading Mode"},"sceneLighting":true,"audioPlay":false,"sceneViewState":{"m_AlwaysRefresh":false,"showFog":true,"showSkybox":false,"showFlares":true,"showImageEffects":true,"showParticleSystems":true,"showVisualEffectGraphs":true,"m_FxEnabled":true},"in2DMode":false,"pivot":{"x":-47.999168395996097,"y":1.0933834314346314,"z":17.363664627075197},"rotation":{"x":-0.09879038482904434,"y":0.40287792682647707,"z":-0.043903641402721408,"w":-0.9089368581771851},"size":2.298980236053467,"orthographic":false}