{"cameraMode":{"drawMode":0,"name":"Shaded","section":"Shading Mode"},"sceneLighting":true,"audioPlay":false,"sceneViewState":{"m_AlwaysRefresh":false,"showFog":true,"showSkybox":false,"showFlares":true,"showImageEffects":true,"showParticleSystems":true,"showVisualEffectGraphs":true,"m_FxEnabled":true},"in2DMode":false,"pivot":{"x":-48.76072311401367,"y":4.489957809448242,"z":17.67943572998047},"rotation":{"x":0.0006860308931209147,"y":0.9807707667350769,"z":-0.19555602967739106,"w":0.002854879479855299},"size":2.802295207977295,"orthographic":false}