{"cameraMode":{"drawMode":0,"name":"Shaded","section":"Shading Mode"},"sceneLighting":false,"audioPlay":false,"sceneViewState":{"m_AlwaysRefresh":false,"showFog":true,"showSkybox":false,"showFlares":true,"showImageEffects":true,"showParticleSystems":true,"showVisualEffectGraphs":true,"m_FxEnabled":true},"in2DMode":false,"pivot":{"x":-48.200008392333987,"y":0.13284185528755189,"z":9.659591674804688},"rotation":{"x":0.21159692108631135,"y":0.34590092301368716,"z":-0.08036098629236222,"w":0.9106222987174988},"size":93.81163787841797,"orthographic":false}