{"cameraMode":{"drawMode":0,"name":"Shaded","section":"Shading Mode"},"sceneLighting":true,"audioPlay":false,"sceneViewState":{"m_AlwaysRefresh":false,"showFog":true,"showSkybox":false,"showFlares":true,"showImageEffects":true,"showParticleSystems":true,"showVisualEffectGraphs":true,"m_FxEnabled":true},"in2DMode":false,"pivot":{"x":-40.77448272705078,"y":-9.433765411376954,"z":0.41397857666015627},"rotation":{"x":0.18784892559051515,"y":0.18189668655395509,"z":-0.035325225442647937,"w":0.964645266532898},"size":19.83735466003418,"orthographic":false}