{"cameraMode":{"drawMode":0,"name":"Shaded","section":"Shading Mode"},"sceneLighting":true,"audioPlay":false,"sceneViewState":{"m_AlwaysRefresh":false,"showFog":true,"showSkybox":false,"showFlares":true,"showImageEffects":true,"showParticleSystems":true,"showVisualEffectGraphs":true,"m_FxEnabled":true},"in2DMode":false,"pivot":{"x":-51.712318420410159,"y":-17.374557495117189,"z":11.467842102050782},"rotation":{"x":-0.012886811047792435,"y":0.964165449142456,"z":-0.26094573736190798,"w":-0.04784318804740906},"size":23.69659423828125,"orthographic":false}