{"cameraMode":{"drawMode":0,"name":"Shaded","section":"Shading Mode"},"sceneLighting":true,"audioPlay":false,"sceneViewState":{"m_AlwaysRefresh":false,"showFog":true,"showSkybox":false,"showFlares":true,"showImageEffects":true,"showParticleSystems":true,"showVisualEffectGraphs":true,"m_FxEnabled":true},"in2DMode":false,"pivot":{"x":-45.765010833740237,"y":-1.4200530052185059,"z":43.87956237792969},"rotation":{"x":-0.020490696653723718,"y":-0.9786130785942078,"z":0.12128680944442749,"w":-0.16532935202121736},"size":15.055200576782227,"orthographic":false}