{"cameraMode":{"drawMode":0,"name":"Shaded","section":"Shading Mode"},"sceneLighting":true,"audioPlay":false,"sceneViewState":{"m_AlwaysRefresh":false,"showFog":true,"showSkybox":false,"showFlares":true,"showImageEffects":true,"showParticleSystems":true,"showVisualEffectGraphs":true,"m_FxEnabled":true},"in2DMode":false,"pivot":{"x":-43.9815788269043,"y":0.5220966339111328,"z":-9.802101135253907},"rotation":{"x":0.09723290801048279,"y":0.09428021311759949,"z":-0.009137352928519249,"w":0.9908257126808167},"size":12.313146591186524,"orthographic":false}